Inner Oxide,,,,,,,,,,,,,,,,,,,,,,,,,,,,,,,,,,,,,,,,,,,,,,,,,,,,,,,,,,,,,,,,,,,,,,,,,,,,,,,,,,,,,,
0.00052475,0.000524857,0.00052597,0.000525882,0.000526511,0.000527138,0.000527766,,,,,,,,,,,,,,,,,,,,,,,,,,,,,,,,,,,,,,,,,,,,,,,,,,,,,,,,,,,,,,,,,,,,,,,,,,,,,,,,
0.00025,0.00025,0.00025,0.00025,0.00025,0.00025,0.00025,0.00025,0.00025,0.00025,0.00025,0.00025,,,,,,,,,,,,,,,,,,,,,,,,,,,,,,,,,,,,,,,,,,,,,,,,,,,,,,,,,,,,,,,,,,,,,,,,,,,
0.00071428,0.006170771,0.00013,0.000646006,0.00013,0.005717103,0.000732124,0.003509126,0.000724799,,,,,,,,,,,,,,,,,,,,,,,,,,,,,,,,,,,,,,,,,,,,,,,,,,,,,,,,,,,,,,,,,,,,,,,,,,,,,,
0.00013,1.11E-05,5.82E-05,0.000250172,0.00025014,0.000250115,0.000250096,0.000250081,0.00025007,0.000250061,0.000250054,0.000250048,0.000250041,0.000250037,0.000250034,0.000250031,0.000250028,0.000250024,0.000250017,0.000250012,0.000250012,0.000250013,,,,,,,,,,,,,,,,,,,,,,,,,,,,,,,,,,,,,,,,,,,,,,,,,,,,,,,,,,,,,,,,,
0.00013,1.11E-05,5.82E-05,0.000250172,0.00025014,0.000250115,0.000250096,0.000250081,0.00025007,0.000250061,0.000250054,0.000250049,0.000250041,0.000250037,0.000250034,0.000250032,0.000250028,0.000250024,0.000250017,0.000250012,0.000250012,0.000250013,,,,,,,,,,,,,,,,,,,,,,,,,,,,,,,,,,,,,,,,,,,,,,,,,,,,,,,,,,,,,,,,,
0.00013,1.11E-05,5.82E-05,0.000250172,0.00025014,0.000250115,0.000250096,0.000250081,0.00025007,0.000250061,0.000250055,0.000250049,0.000250041,0.000250037,0.000250034,0.000250032,0.000250028,0.000250024,0.000250017,0.000250012,0.000250012,0.000250013,,,,,,,,,,,,,,,,,,,,,,,,,,,,,,,,,,,,,,,,,,,,,,,,,,,,,,,,,,,,,,,,,
0.00013,1.11E-05,5.82E-05,0.000250172,0.00025014,0.000250115,0.000250096,0.000250081,0.00025007,0.000250062,0.000250055,0.000250049,0.000250041,0.000250038,0.000250034,0.000250032,0.000250028,0.000250024,0.000250017,0.000250012,0.000250012,0.000250013,,,,,,,,,,,,,,,,,,,,,,,,,,,,,,,,,,,,,,,,,,,,,,,,,,,,,,,,,,,,,,,,,
0.00013,1.11E-05,5.82E-05,0.000250172,0.00025014,0.000250115,0.000250096,0.000250081,0.00025007,0.000250062,0.000250055,0.000250049,0.000250042,0.000250038,0.000250035,0.000250032,0.000250028,0.000250024,0.000250017,0.000250012,0.000250013,0.000250013,,,,,,,,,,,,,,,,,,,,,,,,,,,,,,,,,,,,,,,,,,,,,,,,,,,,,,,,,,,,,,,,,
0.00013,1.11E-05,5.82E-05,0.000250172,0.00025014,0.000250115,0.000250096,0.000250081,0.00025007,0.000250062,0.000250055,0.00025005,0.000250042,0.000250038,0.000250035,0.000250032,0.000250028,0.000250024,0.000250017,0.000250012,0.000250013,0.000250013,,,,,,,,,,,,,,,,,,,,,,,,,,,,,,,,,,,,,,,,,,,,,,,,,,,,,,,,,,,,,,,,,
0.00013,1.11E-05,5.82E-05,0.000250172,0.00025014,0.000250115,0.000250096,0.000250081,0.00025007,0.000250062,0.000250056,0.00025005,0.000250042,0.000250038,0.000250035,0.000250032,0.000250029,0.000250024,0.000250017,0.000250012,0.000250013,0.000250013,,,,,,,,,,,,,,,,,,,,,,,,,,,,,,,,,,,,,,,,,,,,,,,,,,,,,,,,,,,,,,,,,
0.00013,1.11E-05,5.82E-05,0.000250172,0.00025014,0.000250115,0.000250096,0.000250081,0.000250071,0.000250062,0.000250056,0.00025005,0.000250042,0.000250038,0.000250035,0.000250032,0.000250029,0.000250024,0.000250017,0.000250012,0.000250013,0.000250013,,,,,,,,,,,,,,,,,,,,,,,,,,,,,,,,,,,,,,,,,,,,,,,,,,,,,,,,,,,,,,,,,
0.00013,1.11E-05,5.82E-05,0.000250172,0.00025014,0.000250115,0.000250096,0.000250081,0.000250071,0.000250063,0.000250056,0.000250051,0.000250043,0.000250039,0.000250035,0.000250032,0.000250029,0.000250024,0.000250017,0.000250012,0.000250013,0.000250013,,,,,,,,,,,,,,,,,,,,,,,,,,,,,,,,,,,,,,,,,,,,,,,,,,,,,,,,,,,,,,,,,
0.00013,1.11E-05,5.82E-05,0.000250172,0.00025014,0.000250115,0.000250096,0.000250081,0.000250071,0.000250063,0.000250056,0.000250051,0.000250043,0.000250039,0.000250035,0.000250032,0.000250029,0.000250024,0.000250017,0.000250012,0.000250013,0.000250013,,,,,,,,,,,,,,,,,,,,,,,,,,,,,,,,,,,,,,,,,,,,,,,,,,,,,,,,,,,,,,,,,
0.00013,1.11E-05,5.82E-05,0.000250172,0.00025014,0.000250115,0.000250096,0.000250081,0.000250071,0.000250063,0.000250057,0.000250051,0.000250043,0.000250039,0.000250035,0.000250033,0.000250029,0.000250024,0.000250017,0.000250012,0.000250013,0.000250013,,,,,,,,,,,,,,,,,,,,,,,,,,,,,,,,,,,,,,,,,,,,,,,,,,,,,,,,,,,,,,,,,
0.00013,1.11E-05,5.82E-05,0.000250172,0.00025014,0.000250115,0.000250096,0.000250081,0.000250071,0.000250063,0.000250057,0.000250052,0.000250043,0.000250039,0.000250036,0.000250033,0.000250029,0.000250025,0.000250017,0.000250012,0.000250013,0.000250013,,,,,,,,,,,,,,,,,,,,,,,,,,,,,,,,,,,,,,,,,,,,,,,,,,,,,,,,,,,,,,,,,
0.00013,1.11E-05,5.82E-05,0.000250172,0.00025014,0.000250115,0.000250096,0.000250081,0.000250071,0.000250064,0.000250057,0.000250052,0.000250043,0.000250039,0.000250036,0.000250033,0.000250029,0.000250025,0.000250017,0.000250012,0.000250013,0.000250013,,,,,,,,,,,,,,,,,,,,,,,,,,,,,,,,,,,,,,,,,,,,,,,,,,,,,,,,,,,,,,,,,
0.00013,1.11E-05,5.82E-05,0.000250172,0.00025014,0.000250115,0.000250096,0.000250081,0.000250071,0.000250064,0.000250058,0.000250052,0.000250044,0.000250039,0.000250036,0.000250033,0.000250029,0.000250025,0.000250017,0.000250012,0.000250013,0.000250013,,,,,,,,,,,,,,,,,,,,,,,,,,,,,,,,,,,,,,,,,,,,,,,,,,,,,,,,,,,,,,,,,
0.00013,1.11E-05,5.82E-05,0.000250172,0.00025014,0.000250115,0.000250096,0.000250081,0.000250072,0.000250064,0.000250058,0.000250053,0.000250044,0.00025004,0.000250036,0.000250033,0.000250029,0.000250025,0.000250017,0.000250012,0.000250013,0.000250013,,,,,,,,,,,,,,,,,,,,,,,,,,,,,,,,,,,,,,,,,,,,,,,,,,,,,,,,,,,,,,,,,
0.00013,1.11E-05,5.82E-05,0.000250172,0.00025014,0.000250115,0.000250096,0.000250081,0.000250072,0.000250064,0.000250058,0.000250053,0.000250044,0.00025004,0.000250036,0.000250033,0.000250029,0.000250025,0.000250017,0.000250012,0.000250013,0.000250013,,,,,,,,,,,,,,,,,,,,,,,,,,,,,,,,,,,,,,,,,,,,,,,,,,,,,,,,,,,,,,,,,
0.00013,1.11E-05,5.82E-05,0.000250172,0.00025014,0.000250115,0.000250096,0.000250081,0.000250072,0.000250065,0.000250059,0.000250053,0.000250044,0.00025004,0.000250036,0.000250033,0.00025003,0.000250025,0.000250017,0.000250012,0.000250013,0.000250013,,,,,,,,,,,,,,,,,,,,,,,,,,,,,,,,,,,,,,,,,,,,,,,,,,,,,,,,,,,,,,,,,
0.00013,1.11E-05,5.82E-05,0.000250172,0.00025014,0.000250115,0.000250096,0.000250081,0.000250072,0.000250065,0.000250059,0.000250054,0.000250045,0.00025004,0.000250037,0.000250034,0.00025003,0.000250025,0.000250017,0.000250012,0.000250013,0.000250013,,,,,,,,,,,,,,,,,,,,,,,,,,,,,,,,,,,,,,,,,,,,,,,,,,,,,,,,,,,,,,,,,
0.00013,1.11E-05,5.82E-05,0.000250172,0.00025014,0.000250115,0.000250096,0.000250081,0.000250072,0.000250065,0.000250059,0.000250054,0.000250045,0.00025004,0.000250037,0.000250034,0.00025003,0.000250025,0.000250017,0.000250012,0.000250013,0.000250013,,,,,,,,,,,,,,,,,,,,,,,,,,,,,,,,,,,,,,,,,,,,,,,,,,,,,,,,,,,,,,,,,
0.00013,1.11E-05,5.82E-05,0.000250172,0.00025014,0.000250115,0.000250096,0.000250081,0.000250072,0.000250065,0.000250059,0.000250054,0.000250045,0.000250041,0.000250037,0.000250034,0.00025003,0.000250025,0.000250018,0.000250013,0.000250013,0.000250013,,,,,,,,,,,,,,,,,,,,,,,,,,,,,,,,,,,,,,,,,,,,,,,,,,,,,,,,,,,,,,,,,
0.00013,1.11E-05,5.82E-05,0.000250172,0.00025014,0.000250115,0.000250096,0.000250081,0.000250072,0.000250066,0.00025006,0.000250055,0.000250045,0.000250041,0.000250037,0.000250034,0.00025003,0.000250025,0.000250018,0.000250013,0.000250013,0.000250013,,,,,,,,,,,,,,,,,,,,,,,,,,,,,,,,,,,,,,,,,,,,,,,,,,,,,,,,,,,,,,,,,
0.00013,1.11E-05,5.82E-05,0.000250172,0.00025014,0.000250115,0.000250096,0.000250081,0.000250073,0.000250066,0.00025006,0.000250055,0.000250046,0.000250041,0.000250037,0.000250034,0.00025003,0.000250025,0.000250018,0.000250013,0.000250013,0.000250013,,,,,,,,,,,,,,,,,,,,,,,,,,,,,,,,,,,,,,,,,,,,,,,,,,,,,,,,,,,,,,,,,
0.00013,1.11E-05,5.82E-05,0.000250172,0.00025014,0.000250115,0.000250096,0.000250081,0.000250073,0.000250066,0.00025006,0.000250055,0.000250046,0.000250041,0.000250037,0.000250034,0.00025003,0.000250025,0.000250018,0.000250013,0.000250013,0.000250013,,,,,,,,,,,,,,,,,,,,,,,,,,,,,,,,,,,,,,,,,,,,,,,,,,,,,,,,,,,,,,,,,
0.00013,1.11E-05,5.82E-05,0.000250172,0.00025014,0.000250115,0.000250096,0.000250081,0.000250073,0.000250066,0.000250061,0.000250056,0.000250046,0.000250041,0.000250038,0.000250034,0.00025003,0.000250025,0.000250018,0.000250013,0.000250013,0.000250013,,,,,,,,,,,,,,,,,,,,,,,,,,,,,,,,,,,,,,,,,,,,,,,,,,,,,,,,,,,,,,,,,
0.00013,1.11E-05,5.82E-05,0.000250172,0.00025014,0.000250115,0.000250096,0.000250081,0.000250073,0.000250067,0.000250061,0.000250056,0.000250046,0.000250042,0.000250038,0.000250034,0.00025003,0.000250026,0.000250018,0.000250013,0.000250013,0.000250013,,,,,,,,,,,,,,,,,,,,,,,,,,,,,,,,,,,,,,,,,,,,,,,,,,,,,,,,,,,,,,,,,
0.00013,1.11E-05,5.82E-05,0.000250172,0.00025014,0.000250115,0.000250096,0.000250081,0.000250073,0.000250067,0.000250061,0.000250056,0.000250047,0.000250042,0.000250038,0.000250035,0.00025003,0.000250026,0.000250018,0.000250013,0.000250013,0.000250013,,,,,,,,,,,,,,,,,,,,,,,,,,,,,,,,,,,,,,,,,,,,,,,,,,,,,,,,,,,,,,,,,
0.00013,1.11E-05,5.82E-05,0.000250172,0.00025014,0.000250115,0.000250096,0.000250081,0.000250073,0.000250067,0.000250062,0.000250057,0.000250047,0.000250042,0.000250038,0.000250035,0.000250031,0.000250026,0.000250018,0.000250013,0.000250013,0.000250014,,,,,,,,,,,,,,,,,,,,,,,,,,,,,,,,,,,,,,,,,,,,,,,,,,,,,,,,,,,,,,,,,
0.00013,1.11E-05,5.82E-05,0.000250172,0.00025014,0.000250115,0.000250096,0.000250081,0.000250073,0.000250067,0.000250062,0.000250057,0.000250047,0.000250042,0.000250038,0.000250035,0.000250031,0.000250026,0.000250018,0.000250013,0.000250013,0.000250014,,,,,,,,,,,,,,,,,,,,,,,,,,,,,,,,,,,,,,,,,,,,,,,,,,,,,,,,,,,,,,,,,
0.00013,1.11E-05,5.82E-05,0.000250172,0.00025014,0.000250115,0.000250096,0.000250081,0.000250074,0.000250068,0.000250062,0.000250057,0.000250047,0.000250043,0.000250038,0.000250035,0.000250031,0.000250026,0.000250018,0.000250013,0.000250013,0.000250014,,,,,,,,,,,,,,,,,,,,,,,,,,,,,,,,,,,,,,,,,,,,,,,,,,,,,,,,,,,,,,,,,
0.00013,1.11E-05,5.82E-05,0.000250172,0.00025014,0.000250115,0.000250096,0.000250081,0.000250074,0.000250068,0.000250063,0.000250058,0.000250048,0.000250043,0.000250039,0.000250035,0.000250031,0.000250026,0.000250018,0.000250013,0.000250013,0.000250014,,,,,,,,,,,,,,,,,,,,,,,,,,,,,,,,,,,,,,,,,,,,,,,,,,,,,,,,,,,,,,,,,
0.00013,1.11E-05,5.82E-05,0.000250172,0.00025014,0.000250115,0.000250096,0.000250081,0.000250074,0.000250068,0.000250063,0.000250058,0.000250048,0.000250043,0.000250039,0.000250035,0.000250031,0.000250026,0.000250018,0.000250013,0.000250013,0.000250014,,,,,,,,,,,,,,,,,,,,,,,,,,,,,,,,,,,,,,,,,,,,,,,,,,,,,,,,,,,,,,,,,
0.00013,1.11E-05,5.82E-05,0.000250172,0.00025014,0.000250115,0.000250096,0.000250081,0.000250074,0.000250068,0.000250063,0.000250059,0.000250048,0.000250043,0.000250039,0.000250035,0.000250031,0.000250026,0.000250018,0.000250013,0.000250014,0.000250014,,,,,,,,,,,,,,,,,,,,,,,,,,,,,,,,,,,,,,,,,,,,,,,,,,,,,,,,,,,,,,,,,
0.00013,1.11E-05,5.82E-05,0.000250172,0.00025014,0.000250115,0.000250096,0.000250081,0.000250074,0.000250069,0.000250064,0.000250059,0.000250048,0.000250043,0.000250039,0.000250036,0.000250031,0.000250026,0.000250018,0.000250013,0.000250014,0.000250014,,,,,,,,,,,,,,,,,,,,,,,,,,,,,,,,,,,,,,,,,,,,,,,,,,,,,,,,,,,,,,,,,
0.00013,1.11E-05,5.82E-05,0.000250172,0.00025014,0.000250115,0.000250096,0.000250081,0.000250074,0.000250069,0.000250064,0.000250059,0.000250049,0.000250044,0.000250039,0.000250036,0.000250031,0.000250026,0.000250018,0.000250013,0.000250014,0.000250014,,,,,,,,,,,,,,,,,,,,,,,,,,,,,,,,,,,,,,,,,,,,,,,,,,,,,,,,,,,,,,,,,
0.00013,1.11E-05,5.82E-05,0.000250172,0.00025014,0.000250115,0.000250096,0.000250081,0.000250075,0.000250069,0.000250064,0.00025006,0.000250049,0.000250044,0.000250039,0.000250036,0.000250031,0.000250026,0.000250018,0.000250013,0.000250014,0.000250014,,,,,,,,,,,,,,,,,,,,,,,,,,,,,,,,,,,,,,,,,,,,,,,,,,,,,,,,,,,,,,,,,
0.00013,1.11E-05,5.82E-05,0.000250172,0.00025014,0.000250115,0.000250096,0.000250081,0.000250075,0.000250069,0.000250065,0.00025006,0.000250049,0.000250044,0.00025004,0.000250036,0.000250032,0.000250027,0.000250018,0.000250013,0.000250014,0.000250014,,,,,,,,,,,,,,,,,,,,,,,,,,,,,,,,,,,,,,,,,,,,,,,,,,,,,,,,,,,,,,,,,
0.00013,1.11E-05,5.82E-05,0.000250172,0.00025014,0.000250115,0.000250096,0.000250081,0.000250075,0.00025007,0.000250065,0.000250061,0.00025005,0.000250044,0.00025004,0.000250036,0.000250032,0.000250027,0.000250018,0.000250013,0.000250014,0.000250014,,,,,,,,,,,,,,,,,,,,,,,,,,,,,,,,,,,,,,,,,,,,,,,,,,,,,,,,,,,,,,,,,
0.00013,1.11E-05,5.82E-05,0.000250172,0.00025014,0.000250115,0.000250096,0.000250081,0.000250075,0.00025007,0.000250065,0.000250061,0.00025005,0.000250045,0.00025004,0.000250036,0.000250032,0.000250027,0.000250019,0.000250013,0.000250014,0.000250014,,,,,,,,,,,,,,,,,,,,,,,,,,,,,,,,,,,,,,,,,,,,,,,,,,,,,,,,,,,,,,,,,
0.00013,1.11E-05,5.82E-05,0.000250172,0.00025014,0.000250115,0.000250096,0.000250081,0.000250075,0.00025007,0.000250066,0.000250061,0.00025005,0.000250045,0.00025004,0.000250037,0.000250032,0.000250027,0.000250019,0.000250013,0.000250014,0.000250014,,,,,,,,,,,,,,,,,,,,,,,,,,,,,,,,,,,,,,,,,,,,,,,,,,,,,,,,,,,,,,,,,
0.00013,1.11E-05,5.82E-05,0.000250172,0.00025014,0.000250115,0.000250096,0.000250081,0.000250075,0.00025007,0.000250066,0.000250062,0.00025005,0.000250045,0.00025004,0.000250037,0.000250032,0.000250027,0.000250019,0.000250013,0.000250014,0.000250014,,,,,,,,,,,,,,,,,,,,,,,,,,,,,,,,,,,,,,,,,,,,,,,,,,,,,,,,,,,,,,,,,
0.00013,1.11E-05,5.82E-05,0.000250172,0.00025014,0.000250115,0.000250096,0.000250081,0.000250075,0.000250071,0.000250066,0.000250062,0.000250051,0.000250045,0.000250041,0.000250037,0.000250032,0.000250027,0.000250019,0.000250013,0.000250014,0.000250014,,,,,,,,,,,,,,,,,,,,,,,,,,,,,,,,,,,,,,,,,,,,,,,,,,,,,,,,,,,,,,,,,
0.00013,1.11E-05,5.82E-05,0.000250172,0.00025014,0.000250115,0.000250096,0.000250081,0.000250076,0.000250071,0.000250067,0.000250063,0.000250051,0.000250045,0.000250041,0.000250037,0.000250032,0.000250027,0.000250019,0.000250013,0.000250014,0.000250014,,,,,,,,,,,,,,,,,,,,,,,,,,,,,,,,,,,,,,,,,,,,,,,,,,,,,,,,,,,,,,,,,
0.00013,1.11E-05,5.82E-05,0.000250172,0.00025014,0.000250115,0.000250096,0.000250081,0.000250076,0.000250071,0.000250067,0.000250063,0.000250051,0.000250046,0.000250041,0.000250037,0.000250032,0.000250027,0.000250019,0.000250013,0.000250014,0.000250014,,,,,,,,,,,,,,,,,,,,,,,,,,,,,,,,,,,,,,,,,,,,,,,,,,,,,,,,,,,,,,,,,
0.00013,1.11E-05,5.82E-05,0.000250172,0.00025014,0.000250115,0.000250096,0.000250081,0.000250076,0.000250072,0.000250068,0.000250064,0.000250052,0.000250046,0.000250041,0.000250037,0.000250032,0.000250027,0.000250019,0.000250013,0.000250014,0.000250014,,,,,,,,,,,,,,,,,,,,,,,,,,,,,,,,,,,,,,,,,,,,,,,,,,,,,,,,,,,,,,,,,
0.00013,1.11E-05,5.82E-05,0.000250172,0.00025014,0.000250115,0.000250096,0.000250081,0.000250076,0.000250072,0.000250068,0.000250064,0.000250052,0.000250046,0.000250041,0.000250037,0.000250033,0.000250027,0.000250019,0.000250013,0.000250014,0.000250014,,,,,,,,,,,,,,,,,,,,,,,,,,,,,,,,,,,,,,,,,,,,,,,,,,,,,,,,,,,,,,,,,
0.00013,1.11E-05,5.82E-05,0.000250172,0.00025014,0.000250115,0.000250096,0.000250081,0.000250076,0.000250072,0.000250068,0.000250064,0.000250052,0.000250046,0.000250042,0.000250038,0.000250033,0.000250027,0.000250019,0.000250014,0.000250014,0.000250014,,,,,,,,,,,,,,,,,,,,,,,,,,,,,,,,,,,,,,,,,,,,,,,,,,,,,,,,,,,,,,,,,
0.00013,1.11E-05,5.82E-05,0.000250172,0.00025014,0.000250115,0.000250096,0.000250081,0.000250076,0.000250072,0.000250069,0.000250065,0.000250053,0.000250047,0.000250042,0.000250038,0.000250033,0.000250028,0.000250019,0.000250014,0.000250014,0.000250014,,,,,,,,,,,,,,,,,,,,,,,,,,,,,,,,,,,,,,,,,,,,,,,,,,,,,,,,,,,,,,,,,
0.00013,1.11E-05,5.82E-05,0.000250172,0.00025014,0.000250115,0.000250096,0.000250081,0.000250077,0.000250073,0.000250069,0.000250065,0.000250053,0.000250047,0.000250042,0.000250038,0.000250033,0.000250028,0.000250019,0.000250014,0.000250014,0.000250014,,,,,,,,,,,,,,,,,,,,,,,,,,,,,,,,,,,,,,,,,,,,,,,,,,,,,,,,,,,,,,,,,
0.00013,1.11E-05,5.82E-05,0.000250172,0.00025014,0.000250115,0.000250096,0.000250081,0.000250077,0.000250073,0.000250069,0.000250066,0.000250053,0.000250047,0.000250042,0.000250038,0.000250033,0.000250028,0.000250019,0.000250014,0.000250014,0.000250014,,,,,,,,,,,,,,,,,,,,,,,,,,,,,,,,,,,,,,,,,,,,,,,,,,,,,,,,,,,,,,,,,
0.00013,1.11E-05,5.82E-05,0.000250172,0.00025014,0.000250115,0.000250096,0.000250081,0.000250077,0.000250073,0.00025007,0.000250066,0.000250054,0.000250047,0.000250042,0.000250038,0.000250033,0.000250028,0.000250019,0.000250014,0.000250014,0.000250014,,,,,,,,,,,,,,,,,,,,,,,,,,,,,,,,,,,,,,,,,,,,,,,,,,,,,,,,,,,,,,,,,
0.00013,1.11E-05,5.82E-05,0.000250172,0.00025014,0.000250115,0.000250096,0.000250081,0.000250077,0.000250074,0.00025007,0.000250067,0.000250054,0.000250048,0.000250043,0.000250038,0.000250033,0.000250028,0.000250019,0.000250014,0.000250014,0.000250015,,,,,,,,,,,,,,,,,,,,,,,,,,,,,,,,,,,,,,,,,,,,,,,,,,,,,,,,,,,,,,,,,
0.00013,1.11E-05,5.82E-05,0.000250172,0.00025014,0.000250115,0.000250096,0.000250081,0.000250077,0.000250074,0.000250071,0.000250067,0.000250054,0.000250048,0.000250043,0.000250039,0.000250033,0.000250028,0.000250019,0.000250014,0.000250014,0.000250015,,,,,,,,,,,,,,,,,,,,,,,,,,,,,,,,,,,,,,,,,,,,,,,,,,,,,,,,,,,,,,,,,
0.00013,1.11E-05,5.82E-05,0.000250172,0.00025014,0.000250115,0.000250096,0.000250081,0.000250077,0.000250074,0.000250071,0.000250068,0.000250055,0.000250048,0.000250043,0.000250039,0.000250034,0.000250028,0.000250019,0.000250014,0.000250014,0.000250015,,,,,,,,,,,,,,,,,,,,,,,,,,,,,,,,,,,,,,,,,,,,,,,,,,,,,,,,,,,,,,,,,
0.00013,1.11E-05,5.82E-05,0.000250172,0.00025014,0.000250115,0.000250096,0.000250081,0.000250077,0.000250074,0.000250071,0.000250068,0.000250055,0.000250049,0.000250043,0.000250039,0.000250034,0.000250028,0.000250019,0.000250014,0.000250014,0.000250015,,,,,,,,,,,,,,,,,,,,,,,,,,,,,,,,,,,,,,,,,,,,,,,,,,,,,,,,,,,,,,,,,
0.00013,1.11E-05,5.82E-05,0.000250172,0.00025014,0.000250115,0.000250096,0.000250081,0.000250078,0.000250075,0.000250072,0.000250069,0.000250055,0.000250049,0.000250043,0.000250039,0.000250034,0.000250028,0.00025002,0.000250014,0.000250015,0.000250015,,,,,,,,,,,,,,,,,,,,,,,,,,,,,,,,,,,,,,,,,,,,,,,,,,,,,,,,,,,,,,,,,
0.00013,1.11E-05,5.82E-05,0.000250172,0.00025014,0.000250115,0.000250096,0.000250081,0.000250078,0.000250075,0.000250072,0.000250069,0.000250056,0.000250049,0.000250044,0.000250039,0.000250034,0.000250028,0.00025002,0.000250014,0.000250015,0.000250015,,,,,,,,,,,,,,,,,,,,,,,,,,,,,,,,,,,,,,,,,,,,,,,,,,,,,,,,,,,,,,,,,
0.00013,1.11E-05,5.82E-05,0.000250172,0.00025014,0.000250115,0.000250096,0.000250081,0.000250078,0.000250075,0.000250073,0.00025007,0.000250056,0.000250049,0.000250044,0.000250039,0.000250034,0.000250028,0.00025002,0.000250014,0.000250015,0.000250015,,,,,,,,,,,,,,,,,,,,,,,,,,,,,,,,,,,,,,,,,,,,,,,,,,,,,,,,,,,,,,,,,
0.00013,1.11E-05,5.82E-05,0.000250172,0.00025014,0.000250115,0.000250096,0.000250081,0.000250078,0.000250076,0.000250073,0.00025007,0.000250056,0.00025005,0.000250044,0.00025004,0.000250034,0.000250029,0.00025002,0.000250014,0.000250015,0.000250015,,,,,,,,,,,,,,,,,,,,,,,,,,,,,,,,,,,,,,,,,,,,,,,,,,,,,,,,,,,,,,,,,
0.00013,1.11E-05,5.82E-05,0.000250172,0.00025014,0.000250115,0.000250096,0.000250081,0.000250078,0.000250076,0.000250073,0.000250071,0.000250057,0.00025005,0.000250044,0.00025004,0.000250034,0.000250029,0.00025002,0.000250014,0.000250015,0.000250015,,,,,,,,,,,,,,,,,,,,,,,,,,,,,,,,,,,,,,,,,,,,,,,,,,,,,,,,,,,,,,,,,
0.00013,1.11E-05,5.82E-05,0.000250172,0.00025014,0.000250115,0.000250096,0.000250081,0.000250078,0.000250076,0.000250074,0.000250071,0.000250057,0.00025005,0.000250044,0.00025004,0.000250034,0.000250029,0.00025002,0.000250014,0.000250015,0.000250015,,,,,,,,,,,,,,,,,,,,,,,,,,,,,,,,,,,,,,,,,,,,,,,,,,,,,,,,,,,,,,,,,
0.00013,1.11E-05,5.82E-05,0.000250172,0.00025014,0.000250115,0.000250096,0.000250081,0.000250079,0.000250076,0.000250074,0.000250072,0.000250057,0.00025005,0.000250045,0.00025004,0.000250035,0.000250029,0.00025002,0.000250014,0.000250015,0.000250015,,,,,,,,,,,,,,,,,,,,,,,,,,,,,,,,,,,,,,,,,,,,,,,,,,,,,,,,,,,,,,,,,
0.00013,1.11E-05,5.82E-05,0.000250172,0.00025014,0.000250115,0.000250096,0.000250081,0.000250079,0.000250077,0.000250075,0.000250072,0.000250058,0.000250051,0.000250045,0.00025004,0.000250035,0.000250029,0.00025002,0.000250014,0.000250015,0.000250015,,,,,,,,,,,,,,,,,,,,,,,,,,,,,,,,,,,,,,,,,,,,,,,,,,,,,,,,,,,,,,,,,
0.00013,1.11E-05,5.82E-05,0.000250172,0.00025014,0.000250115,0.000250096,0.000250081,0.000250079,0.000250077,0.000250075,0.000250073,0.000250058,0.000250051,0.000250045,0.000250041,0.000250035,0.000250029,0.00025002,0.000250014,0.000250015,0.000250015,,,,,,,,,,,,,,,,,,,,,,,,,,,,,,,,,,,,,,,,,,,,,,,,,,,,,,,,,,,,,,,,,
0.00013,1.11E-05,5.82E-05,0.000250172,0.00025014,0.000250115,0.000250096,0.000250081,0.000250079,0.000250077,0.000250075,0.000250073,0.000250058,0.000250051,0.000250045,0.000250041,0.000250035,0.000250029,0.00025002,0.000250014,0.000250015,0.000250015,,,,,,,,,,,,,,,,,,,,,,,,,,,,,,,,,,,,,,,,,,,,,,,,,,,,,,,,,,,,,,,,,
0.00013,1.11E-05,5.82E-05,0.000250172,0.00025014,0.000250115,0.000250096,0.000250081,0.000250079,0.000250078,0.000250076,0.000250074,0.000250059,0.000250052,0.000250046,0.000250041,0.000250035,0.000250029,0.00025002,0.000250014,0.000250015,0.000250015,,,,,,,,,,,,,,,,,,,,,,,,,,,,,,,,,,,,,,,,,,,,,,,,,,,,,,,,,,,,,,,,,
0.00013,1.11E-05,5.82E-05,0.000250172,0.00025014,0.000250115,0.000250096,0.000250081,0.000250079,0.000250078,0.000250076,0.000250074,0.000250059,0.000250052,0.000250046,0.000250041,0.000250035,0.000250029,0.00025002,0.000250014,0.000250015,0.000250015,,,,,,,,,,,,,,,,,,,,,,,,,,,,,,,,,,,,,,,,,,,,,,,,,,,,,,,,,,,,,,,,,
0.00013,1.11E-05,5.82E-05,0.000250172,0.00025014,0.000250115,0.000250096,0.000250081,0.00025008,0.000250078,0.000250077,0.000250075,0.000250059,0.000250052,0.000250046,0.000250041,0.000250035,0.00025003,0.00025002,0.000250014,0.000250015,0.000250015,,,,,,,,,,,,,,,,,,,,,,,,,,,,,,,,,,,,,,,,,,,,,,,,,,,,,,,,,,,,,,,,,
0.00013,1.11E-05,5.82E-05,0.000250172,0.00025014,0.000250115,0.000250096,0.000250081,0.00025008,0.000250079,0.000250077,0.000250075,0.00025006,0.000250052,0.000250046,0.000250041,0.000250035,0.00025003,0.00025002,0.000250014,0.000250015,0.000250015,,,,,,,,,,,,,,,,,,,,,,,,,,,,,,,,,,,,,,,,,,,,,,,,,,,,,,,,,,,,,,,,,
0.00013,1.11E-05,5.82E-05,0.000250172,0.00025014,0.000250115,0.000250096,0.000250081,0.00025008,0.000250079,0.000250078,0.000250076,0.00025006,0.000250053,0.000250047,0.000250042,0.000250036,0.00025003,0.00025002,0.000250015,0.000250015,0.000250015,,,,,,,,,,,,,,,,,,,,,,,,,,,,,,,,,,,,,,,,,,,,,,,,,,,,,,,,,,,,,,,,,
0.00013,1.11E-05,5.82E-05,0.000250172,0.00025014,0.000250115,0.000250096,0.000250081,0.00025008,0.000250079,0.000250078,0.000250077,0.000250061,0.000250053,0.000250047,0.000250042,0.000250036,0.00025003,0.000250021,0.000250015,0.000250015,0.000250015,,,,,,,,,,,,,,,,,,,,,,,,,,,,,,,,,,,,,,,,,,,,,,,,,,,,,,,,,,,,,,,,,
0.00013,1.11E-05,5.82E-05,0.000250172,0.00025014,0.000250115,0.000250096,0.000250081,0.00025008,0.000250079,0.000250079,0.000250077,0.000250061,0.000250053,0.000250047,0.000250042,0.000250036,0.00025003,0.000250021,0.000250015,0.000250015,0.000250016,,,,,,,,,,,,,,,,,,,,,,,,,,,,,,,,,,,,,,,,,,,,,,,,,,,,,,,,,,,,,,,,,
0.00013,1.11E-05,5.82E-05,0.000250172,0.00025014,0.000250115,0.000250096,0.000250081,0.00025008,0.00025008,0.000250079,0.000250078,0.000250061,0.000250054,0.000250047,0.000250042,0.000250036,0.00025003,0.000250021,0.000250015,0.000250015,0.000250016,,,,,,,,,,,,,,,,,,,,,,,,,,,,,,,,,,,,,,,,,,,,,,,,,,,,,,,,,,,,,,,,,
0.00013,1.11E-05,5.82E-05,0.000250172,0.00025014,0.000250115,0.000250096,0.000250081,0.00025008,0.00025008,0.000250079,0.000250078,0.000250062,0.000250054,0.000250047,0.000250042,0.000250036,0.00025003,0.000250021,0.000250015,0.000250015,0.000250016,,,,,,,,,,,,,,,,,,,,,,,,,,,,,,,,,,,,,,,,,,,,,,,,,,,,,,,,,,,,,,,,,
0.00013,1.11E-05,5.82E-05,0.000250172,0.00025014,0.000250115,0.000250096,0.000250081,0.000250081,0.00025008,0.00025008,0.000250079,0.000250062,0.000250054,0.000250048,0.000250043,0.000250036,0.00025003,0.000250021,0.000250015,0.000250015,0.000250016,,,,,,,,,,,,,,,,,,,,,,,,,,,,,,,,,,,,,,,,,,,,,,,,,,,,,,,,,,,,,,,,,
0.00013,1.11E-05,5.82E-05,0.000250172,0.00025014,0.000250115,0.000250096,0.000250081,0.000250081,0.000250081,0.00025008,0.000250079,0.000250063,0.000250055,0.000250048,0.000250043,0.000250036,0.00025003,0.000250021,0.000250015,0.000250016,0.000250016,,,,,,,,,,,,,,,,,,,,,,,,,,,,,,,,,,,,,,,,,,,,,,,,,,,,,,,,,,,,,,,,,
0.00013,1.11E-05,5.82E-05,0.000250172,0.00025014,0.000250115,0.000250096,0.000250081,0.000250081,0.000250081,0.000250081,0.00025008,0.000250063,0.000250055,0.000250048,0.000250043,0.000250037,0.000250031,0.000250021,0.000250015,0.000250016,0.000250016,,,,,,,,,,,,,,,,,,,,,,,,,,,,,,,,,,,,,,,,,,,,,,,,,,,,,,,,,,,,,,,,,
0.00013,1.11E-05,5.82E-05,0.000250172,0.00025014,0.000250115,0.000250096,0.000250081,0.000250081,0.000250081,0.000250081,0.000250081,0.000250063,0.000250055,0.000250048,0.000250043,0.000250037,0.000250031,0.000250021,0.000250015,0.000250016,0.000250016,,,,,,,,,,,,,,,,,,,,,,,,,,,,,,,,,,,,,,,,,,,,,,,,,,,,,,,,,,,,,,,,,
0.00013,1.11E-05,5.82E-05,0.000250172,0.00025014,0.000250115,0.000250096,0.000250081,0.000250081,0.000250082,0.000250082,0.000250081,0.000250064,0.000250056,0.000250049,0.000250043,0.000250037,0.000250031,0.000250021,0.000250015,0.000250016,0.000250016,,,,,,,,,,,,,,,,,,,,,,,,,,,,,,,,,,,,,,,,,,,,,,,,,,,,,,,,,,,,,,,,,
0.00013,1.11E-05,5.82E-05,0.000250172,0.00025014,0.000250115,0.000250096,0.000250081,0.000250081,0.000250082,0.000250082,0.000250082,0.000250064,0.000250056,0.000250049,0.000250044,0.000250037,0.000250031,0.000250021,0.000250015,0.000250016,0.000250016,,,,,,,,,,,,,,,,,,,,,,,,,,,,,,,,,,,,,,,,,,,,,,,,,,,,,,,,,,,,,,,,,
0.00013,1.11E-05,5.82E-05,0.000250172,0.00025014,0.000250115,0.000250096,0.000250081,0.000250082,0.000250082,0.000250083,0.000250083,0.000250065,0.000250056,0.000250049,0.000250044,0.000250037,0.000250031,0.000250021,0.000250015,0.000250016,0.000250016,,,,,,,,,,,,,,,,,,,,,,,,,,,,,,,,,,,,,,,,,,,,,,,,,,,,,,,,,,,,,,,,,
0.00013,1.11E-05,5.82E-05,0.000250172,0.00025014,0.000250115,0.000250096,0.000250081,0.000250082,0.000250083,0.000250083,0.000250083,0.000250065,0.000250057,0.00025005,0.000250044,0.000250037,0.000250031,0.000250021,0.000250015,0.000250016,0.000250016,,,,,,,,,,,,,,,,,,,,,,,,,,,,,,,,,,,,,,,,,,,,,,,,,,,,,,,,,,,,,,,,,
0.00013,1.11E-05,5.82E-05,0.000250172,0.00025014,0.000250115,0.000250096,0.000250081,0.000250082,0.000250083,0.000250084,0.000250084,0.000250065,0.000250057,0.00025005,0.000250044,0.000250038,0.000250031,0.000250021,0.000250015,0.000250016,0.000250016,,,,,,,,,,,,,,,,,,,,,,,,,,,,,,,,,,,,,,,,,,,,,,,,,,,,,,,,,,,,,,,,,
0.00013,1.11E-05,5.82E-05,0.000250172,0.00025014,0.000250115,0.000250096,0.000250081,0.000250082,0.000250083,0.000250084,0.000250085,0.000250066,0.000250057,0.00025005,0.000250045,0.000250038,0.000250031,0.000250022,0.000250015,0.000250016,0.000250016,,,,,,,,,,,,,,,,,,,,,,,,,,,,,,,,,,,,,,,,,,,,,,,,,,,,,,,,,,,,,,,,,
0.00013,1.11E-05,5.82E-05,0.000250172,0.00025014,0.000250115,0.000250096,0.000250081,0.000250082,0.000250084,0.000250085,0.000250086,0.000250067,0.000250058,0.000250051,0.000250045,0.000250038,0.000250032,0.000250022,0.000250015,0.000250016,0.000250016,,,,,,,,,,,,,,,,,,,,,,,,,,,,,,,,,,,,,,,,,,,,,,,,,,,,,,,,,,,,,,,,,
0.00013,1.11E-05,5.82E-05,0.000250172,0.00025014,0.000250115,0.000250096,0.000250081,0.000250083,0.000250084,0.000250086,0.000250086,0.000250067,0.000250058,0.000250051,0.000250045,0.000250038,0.000250032,0.000250022,0.000250015,0.000250016,0.000250016,,,,,,,,,,,,,,,,,,,,,,,,,,,,,,,,,,,,,,,,,,,,,,,,,,,,,,,,,,,,,,,,,
0.00013,1.11E-05,5.82E-05,0.000250172,0.00025014,0.000250115,0.000250096,0.000250081,0.000250083,0.000250085,0.000250086,0.000250087,0.000250068,0.000250059,0.000250051,0.000250045,0.000250038,0.000250032,0.000250022,0.000250015,0.000250016,0.000250016,,,,,,,,,,,,,,,,,,,,,,,,,,,,,,,,,,,,,,,,,,,,,,,,,,,,,,,,,,,,,,,,,
0.00013,1.11E-05,5.82E-05,0.000250172,0.00025014,0.000250115,0.000250096,0.000250081,0.000250083,0.000250085,0.000250087,0.000250088,0.000250068,0.000250059,0.000250052,0.000250046,0.000250039,0.000250032,0.000250022,0.000250016,0.000250016,0.000250016,,,,,,,,,,,,,,,,,,,,,,,,,,,,,,,,,,,,,,,,,,,,,,,,,,,,,,,,,,,,,,,,,
,,,,,,,,,,,,,,,,,,,,,,,,,,,,,,,,,,,,,,,,,,,,,,,,,,,,,,,,,,,,,,,,,,,,,,,,,,,,,,,,,,,,,,
Outer Oxide,,,,,,,,,,,,,,,,,,,,,,,,,,,,,,,,,,,,,,,,,,,,,,,,,,,,,,,,,,,,,,,,,,,,,,,,,,,,,,,,,,,,,,
0.000634167,0.0006308,0.000595325,0.000598393,0.00057968,0.000560392,0.000539018,,,,,,,,,,,,,,,,,,,,,,,,,,,,,,,,,,,,,,,,,,,,,,,,,,,,,,,,,,,,,,,,,,,,,,,,,,,,,,,,
0.000261718,0.000208327,0.000148502,9.17E-05,3.95E-05,2.45E-06,0,0,0,0,0,0,,,,,,,,,,,,,,,,,,,,,,,,,,,,,,,,,,,,,,,,,,,,,,,,,,,,,,,,,,,,,,,,,,,,,,,,,,,
0,0,0,0,0,0,0,0,0,,,,,,,,,,,,,,,,,,,,,,,,,,,,,,,,,,,,,,,,,,,,,,,,,,,,,,,,,,,,,,,,,,,,,,,,,,,,,,
0,0,0,0.000161668,0.0003193,0.000391986,0.000439424,0.000473908,0.000496196,0.000510606,0.000518732,0.000521657,0.000519426,0.000512526,0.000500854,0.000486106,0.000460986,0.000495177,0.0005393,0.000593385,0.000623723,0.000473409,,,,,,,,,,,,,,,,,,,,,,,,,,,,,,,,,,,,,,,,,,,,,,,,,,,,,,,,,,,,,,,,,
0,0,0,0.000161668,0.0003193,0.000391986,0.000439424,0.000473908,0.00049598,0.000510323,0.00051849,0.000521538,0.000519553,0.000512793,0.000501318,0.000486664,0.000461663,0.000496025,0.000540251,0.000594488,0.000624961,0.000474207,,,,,,,,,,,,,,,,,,,,,,,,,,,,,,,,,,,,,,,,,,,,,,,,,,,,,,,,,,,,,,,,,
0,0,0,0.000161668,0.0003193,0.000391986,0.000439424,0.000473908,0.000495764,0.000510039,0.000518241,0.000521409,0.000519674,0.000513054,0.000501777,0.000487218,0.000462337,0.00049687,0.000541199,0.000595589,0.000626198,0.000475005,,,,,,,,,,,,,,,,,,,,,,,,,,,,,,,,,,,,,,,,,,,,,,,,,,,,,,,,,,,,,,,,,
0,0,0,0.000161668,0.0003193,0.000391986,0.000439424,0.000473908,0.000495548,0.000509752,0.000517992,0.000521278,0.000519794,0.000513314,0.000502236,0.000487771,0.000463011,0.000497716,0.000542148,0.000596691,0.000627435,0.000475802,,,,,,,,,,,,,,,,,,,,,,,,,,,,,,,,,,,,,,,,,,,,,,,,,,,,,,,,,,,,,,,,,
0,0,0,0.000161668,0.0003193,0.000391986,0.000439424,0.000473908,0.000495331,0.000509464,0.000517739,0.00052114,0.000519907,0.000513568,0.00050269,0.000488322,0.000463682,0.000498559,0.000543095,0.000597792,0.000628671,0.000476598,,,,,,,,,,,,,,,,,,,,,,,,,,,,,,,,,,,,,,,,,,,,,,,,,,,,,,,,,,,,,,,,,
0,0,0,0.000161668,0.0003193,0.000391986,0.000439424,0.000473908,0.000495114,0.000509174,0.000517481,0.000520995,0.000520015,0.000513818,0.000503142,0.000488869,0.000464351,0.000499401,0.000544041,0.000598892,0.000629907,0.000477392,,,,,,,,,,,,,,,,,,,,,,,,,,,,,,,,,,,,,,,,,,,,,,,,,,,,,,,,,,,,,,,,,
0,0,0,0.000161668,0.0003193,0.000391986,0.000439424,0.000473908,0.000494897,0.000508882,0.00051722,0.000520844,0.000520119,0.000514065,0.00050359,0.000489414,0.000465018,0.000500242,0.000544986,0.000599992,0.000631142,0.000478186,,,,,,,,,,,,,,,,,,,,,,,,,,,,,,,,,,,,,,,,,,,,,,,,,,,,,,,,,,,,,,,,,
0,0,0,0.000161668,0.0003193,0.000391986,0.000439424,0.000473908,0.00049468,0.000508589,0.000516955,0.000520686,0.000520218,0.000514307,0.000504035,0.000489956,0.000465683,0.000501081,0.00054593,0.000601091,0.000632377,0.000478979,,,,,,,,,,,,,,,,,,,,,,,,,,,,,,,,,,,,,,,,,,,,,,,,,,,,,,,,,,,,,,,,,
0,0,0,0.000161668,0.0003193,0.000391986,0.000439424,0.000473908,0.000494462,0.000508293,0.000516685,0.000520522,0.000520311,0.000514545,0.000504477,0.000490495,0.000466346,0.00050192,0.000546873,0.00060219,0.000633611,0.00047977,,,,,,,,,,,,,,,,,,,,,,,,,,,,,,,,,,,,,,,,,,,,,,,,,,,,,,,,,,,,,,,,,
0,0,0,0.000161668,0.0003193,0.000391986,0.000439424,0.000473908,0.000494244,0.000507996,0.000516412,0.000520352,0.0005204,0.000514779,0.000504916,0.00049103,0.000467006,0.000502756,0.000547815,0.000603289,0.000634845,0.000480561,,,,,,,,,,,,,,,,,,,,,,,,,,,,,,,,,,,,,,,,,,,,,,,,,,,,,,,,,,,,,,,,,
0,0,0,0.000161668,0.0003193,0.000391986,0.000439424,0.000473908,0.000494026,0.000507696,0.000516134,0.000520174,0.000520484,0.000515008,0.000505352,0.000491564,0.000467664,0.000503591,0.000548756,0.000604386,0.000636078,0.00048135,,,,,,,,,,,,,,,,,,,,,,,,,,,,,,,,,,,,,,,,,,,,,,,,,,,,,,,,,,,,,,,,,
0,0,0,0.000161668,0.0003193,0.000391986,0.000439424,0.000473908,0.000493808,0.000507395,0.000515852,0.00051999,0.000520562,0.000515233,0.000505785,0.000492094,0.00046832,0.000504424,0.000549695,0.000605483,0.000637309,0.000482138,,,,,,,,,,,,,,,,,,,,,,,,,,,,,,,,,,,,,,,,,,,,,,,,,,,,,,,,,,,,,,,,,
0,0,0,0.000161668,0.0003193,0.000391986,0.000439424,0.000473908,0.000493589,0.000507092,0.000515566,0.000519799,0.000520636,0.000515454,0.000506214,0.000492621,0.000468973,0.000505255,0.000550632,0.000606579,0.00063854,0.000482925,,,,,,,,,,,,,,,,,,,,,,,,,,,,,,,,,,,,,,,,,,,,,,,,,,,,,,,,,,,,,,,,,
0,0,0,0.000161668,0.0003193,0.000391986,0.000439424,0.000473908,0.00049337,0.000506787,0.000515276,0.000519602,0.000520704,0.00051567,0.00050664,0.000493147,0.000469625,0.000506086,0.000551569,0.000607675,0.000639771,0.000483711,,,,,,,,,,,,,,,,,,,,,,,,,,,,,,,,,,,,,,,,,,,,,,,,,,,,,,,,,,,,,,,,,
0,0,0,0.000161668,0.0003193,0.000391986,0.000439424,0.000473908,0.000493151,0.00050648,0.000514982,0.000519397,0.000520767,0.000515883,0.000507063,0.000493669,0.000470275,0.000506915,0.000552505,0.00060877,0.000641001,0.000484496,,,,,,,,,,,,,,,,,,,,,,,,,,,,,,,,,,,,,,,,,,,,,,,,,,,,,,,,,,,,,,,,,
0,0,0,0.000161668,0.0003193,0.000391986,0.000439424,0.000473908,0.000492931,0.000506171,0.000514683,0.000519186,0.000520825,0.00051609,0.000507482,0.000494189,0.000470923,0.000507743,0.000553441,0.000609865,0.000642231,0.00048528,,,,,,,,,,,,,,,,,,,,,,,,,,,,,,,,,,,,,,,,,,,,,,,,,,,,,,,,,,,,,,,,,
0,0,0,0.000161668,0.0003193,0.000391986,0.000439424,0.000473908,0.000492711,0.000505861,0.000514381,0.000518968,0.000520878,0.000516294,0.000507899,0.000494707,0.000471569,0.000508569,0.000554375,0.000610959,0.00064346,0.000486063,,,,,,,,,,,,,,,,,,,,,,,,,,,,,,,,,,,,,,,,,,,,,,,,,,,,,,,,,,,,,,,,,
0,0,0,0.000161668,0.0003193,0.000391986,0.000439424,0.000473908,0.000492491,0.000505548,0.000514074,0.000518742,0.000520925,0.000516493,0.000508248,0.000495221,0.000472212,0.000509394,0.000555307,0.000612053,0.000644688,0.000486844,,,,,,,,,,,,,,,,,,,,,,,,,,,,,,,,,,,,,,,,,,,,,,,,,,,,,,,,,,,,,,,,,
0,0,0,0.000161668,0.0003193,0.000391986,0.000439424,0.000473908,0.000492271,0.000505234,0.000513762,0.00051851,0.000520968,0.000516687,0.000508579,0.000495733,0.000472854,0.000510217,0.000556239,0.000613146,0.000645915,0.000487625,,,,,,,,,,,,,,,,,,,,,,,,,,,,,,,,,,,,,,,,,,,,,,,,,,,,,,,,,,,,,,,,,
0,0,0,0.000161668,0.0003193,0.000391986,0.000439424,0.000473908,0.00049205,0.000504917,0.000513446,0.00051827,0.000521004,0.000516877,0.000508905,0.000496242,0.000473493,0.000511039,0.000557169,0.000614238,0.000647142,0.000488404,,,,,,,,,,,,,,,,,,,,,,,,,,,,,,,,,,,,,,,,,,,,,,,,,,,,,,,,,,,,,,,,,
0,0,0,0.000161668,0.0003193,0.000391986,0.000439424,0.000473908,0.000491829,0.000504599,0.000513126,0.000518024,0.000521036,0.000517062,0.000509229,0.000496748,0.00047413,0.000511859,0.000558099,0.00061533,0.000648368,0.000489182,,,,,,,,,,,,,,,,,,,,,,,,,,,,,,,,,,,,,,,,,,,,,,,,,,,,,,,,,,,,,,,,,
0,0,0,0.000161668,0.0003193,0.000391986,0.000439424,0.000473908,0.000491608,0.000504279,0.000512802,0.000517771,0.000521062,0.000517244,0.000509549,0.000497251,0.000474765,0.000512678,0.000559027,0.000616421,0.000649594,0.000489959,,,,,,,,,,,,,,,,,,,,,,,,,,,,,,,,,,,,,,,,,,,,,,,,,,,,,,,,,,,,,,,,,
0,0,0,0.000161668,0.0003193,0.000391986,0.000439424,0.000473908,0.000491387,0.000503957,0.000512473,0.00051751,0.000521083,0.00051742,0.000509864,0.000497751,0.000475398,0.000513496,0.000559954,0.000617511,0.000650819,0.000490735,,,,,,,,,,,,,,,,,,,,,,,,,,,,,,,,,,,,,,,,,,,,,,,,,,,,,,,,,,,,,,,,,
0,0,0,0.000161668,0.0003193,0.000391986,0.000439424,0.000473908,0.000491165,0.000503633,0.00051214,0.000517242,0.000521099,0.000517592,0.000510176,0.000498249,0.000476028,0.000514312,0.000560879,0.000618601,0.000652043,0.00049151,,,,,,,,,,,,,,,,,,,,,,,,,,,,,,,,,,,,,,,,,,,,,,,,,,,,,,,,,,,,,,,,,
0,0,0,0.000161668,0.0003193,0.000391986,0.000439424,0.000473908,0.000490943,0.000503307,0.000511802,0.000516966,0.000521109,0.000517761,0.000510485,0.000498744,0.000476656,0.000515126,0.000561803,0.000619689,0.000653265,0.000492282,,,,,,,,,,,,,,,,,,,,,,,,,,,,,,,,,,,,,,,,,,,,,,,,,,,,,,,,,,,,,,,,,
0,0,0,0.000161668,0.0003193,0.000391986,0.000439424,0.000473908,0.000490721,0.000502979,0.00051146,0.000516684,0.000521113,0.000517923,0.000510789,0.000499235,0.000477282,0.000515938,0.000562727,0.000620778,0.000654488,0.000493055,,,,,,,,,,,,,,,,,,,,,,,,,,,,,,,,,,,,,,,,,,,,,,,,,,,,,,,,,,,,,,,,,
0,0,0,0.000161668,0.0003193,0.000391986,0.000439424,0.000473908,0.000490498,0.000502649,0.000511114,0.000516394,0.000521112,0.000518082,0.00051109,0.000499724,0.000477906,0.00051675,0.000563649,0.000621866,0.00065571,0.000493826,,,,,,,,,,,,,,,,,,,,,,,,,,,,,,,,,,,,,,,,,,,,,,,,,,,,,,,,,,,,,,,,,
0,0,0,0.000161668,0.0003193,0.000391986,0.000439424,0.000473908,0.000490276,0.000502317,0.000510763,0.000516097,0.000521106,0.000518239,0.00051139,0.000500213,0.00047853,0.000517561,0.000564571,0.000622954,0.000656932,0.000494597,,,,,,,,,,,,,,,,,,,,,,,,,,,,,,,,,,,,,,,,,,,,,,,,,,,,,,,,,,,,,,,,,
0,0,0,0.000161668,0.0003193,0.000391986,0.000439424,0.000473908,0.000490053,0.000501983,0.000510408,0.000515792,0.000521094,0.000518389,0.000511682,0.000500696,0.000479149,0.00051837,0.000565491,0.00062404,0.000658152,0.000495366,,,,,,,,,,,,,,,,,,,,,,,,,,,,,,,,,,,,,,,,,,,,,,,,,,,,,,,,,,,,,,,,,
0,0,0,0.000161668,0.0003193,0.000391986,0.000439424,0.000473908,0.000489829,0.000501647,0.000510048,0.000515479,0.000521076,0.000518534,0.000511972,0.000501177,0.000479767,0.000519178,0.00056641,0.000625127,0.000659373,0.000496134,,,,,,,,,,,,,,,,,,,,,,,,,,,,,,,,,,,,,,,,,,,,,,,,,,,,,,,,,,,,,,,,,
0,0,0,0.000161668,0.0003193,0.000391986,0.000439424,0.000473908,0.000489606,0.000501309,0.000509684,0.000515159,0.000521053,0.000518673,0.000512257,0.000501654,0.000480382,0.000519983,0.000567328,0.000626213,0.000660592,0.000496901,,,,,,,,,,,,,,,,,,,,,,,,,,,,,,,,,,,,,,,,,,,,,,,,,,,,,,,,,,,,,,,,,
0,0,0,0.000161668,0.0003193,0.000391986,0.000439424,0.000473908,0.000489382,0.000500969,0.000509315,0.000514832,0.000521025,0.000518809,0.000512538,0.000502129,0.000480995,0.000520786,0.000568244,0.000627297,0.00066181,0.000497666,,,,,,,,,,,,,,,,,,,,,,,,,,,,,,,,,,,,,,,,,,,,,,,,,,,,,,,,,,,,,,,,,
0,0,0,0.000161668,0.0003193,0.000391986,0.000439424,0.000473908,0.000489158,0.000500628,0.000508942,0.000514496,0.00052099,0.000518939,0.000512814,0.0005026,0.000481605,0.000521588,0.000569158,0.000628381,0.000663028,0.000498429,,,,,,,,,,,,,,,,,,,,,,,,,,,,,,,,,,,,,,,,,,,,,,,,,,,,,,,,,,,,,,,,,
0,0,0,0.000161668,0.0003193,0.000391986,0.000439424,0.000473908,0.000488933,0.000500284,0.000508564,0.000514151,0.000520948,0.000519063,0.000513086,0.000503067,0.000482209,0.000522386,0.000570071,0.000629463,0.00066424,0.000499189,,,,,,,,,,,,,,,,,,,,,,,,,,,,,,,,,,,,,,,,,,,,,,,,,,,,,,,,,,,,,,,,,
0,0,0,0.000161668,0.0003193,0.000391986,0.000439424,0.000473908,0.000488709,0.000499938,0.000508181,0.000513801,0.000520902,0.000519183,0.000513355,0.000503532,0.000482815,0.000523184,0.000570983,0.000630546,0.000665456,0.00049995,,,,,,,,,,,,,,,,,,,,,,,,,,,,,,,,,,,,,,,,,,,,,,,,,,,,,,,,,,,,,,,,,
0,0,0,0.000161668,0.0003193,0.000391986,0.000439424,0.000473908,0.000488484,0.00049959,0.000507794,0.000513442,0.00052085,0.000519299,0.00051362,0.000503994,0.000483418,0.000523982,0.000571894,0.000631627,0.00066667,0.00050071,,,,,,,,,,,,,,,,,,,,,,,,,,,,,,,,,,,,,,,,,,,,,,,,,,,,,,,,,,,,,,,,,
0,0,0,0.000161668,0.0003193,0.000391986,0.000439424,0.000473908,0.000488259,0.000499241,0.000507402,0.000513077,0.000520793,0.000519411,0.000513881,0.000504454,0.000484018,0.000524776,0.000572802,0.000632707,0.000667879,0.000501465,,,,,,,,,,,,,,,,,,,,,,,,,,,,,,,,,,,,,,,,,,,,,,,,,,,,,,,,,,,,,,,,,
0,0,0,0.000161668,0.0003193,0.000391986,0.000439424,0.000473908,0.000488033,0.000498889,0.000507006,0.000512703,0.00052073,0.000519518,0.000514138,0.000504911,0.000484614,0.000525567,0.000573709,0.000633786,0.000669085,0.000502216,,,,,,,,,,,,,,,,,,,,,,,,,,,,,,,,,,,,,,,,,,,,,,,,,,,,,,,,,,,,,,,,,
0,0,0,0.000161668,0.0003193,0.000391986,0.000439424,0.000473908,0.000487807,0.000498535,0.000506605,0.000512321,0.000520661,0.000519619,0.000514391,0.000505364,0.00048521,0.000526359,0.000574616,0.000634866,0.000670298,0.000502972,,,,,,,,,,,,,,,,,,,,,,,,,,,,,,,,,,,,,,,,,,,,,,,,,,,,,,,,,,,,,,,,,
0,0,0,0.000161668,0.0003193,0.000391986,0.000439424,0.000473908,0.000487581,0.000498179,0.000506199,0.000511931,0.000520587,0.000519717,0.00051464,0.000505814,0.000485804,0.000527149,0.000575522,0.000635945,0.000671507,0.000503725,,,,,,,,,,,,,,,,,,,,,,,,,,,,,,,,,,,,,,,,,,,,,,,,,,,,,,,,,,,,,,,,,
0,0,0,0.000161668,0.0003193,0.000391986,0.000439424,0.000473908,0.000487355,0.000497822,0.000505788,0.000511533,0.000520506,0.000519808,0.000514885,0.000506262,0.000486395,0.000527938,0.000576426,0.000637023,0.000672718,0.000504479,,,,,,,,,,,,,,,,,,,,,,,,,,,,,,,,,,,,,,,,,,,,,,,,,,,,,,,,,,,,,,,,,
0,0,0,0.000161668,0.0003193,0.000391986,0.000439424,0.000473908,0.000487128,0.000497462,0.000505373,0.000511128,0.000520419,0.000519895,0.000515126,0.000506706,0.000486985,0.000528726,0.000577329,0.0006381,0.000673928,0.000505231,,,,,,,,,,,,,,,,,,,,,,,,,,,,,,,,,,,,,,,,,,,,,,,,,,,,,,,,,,,,,,,,,
0,0,0,0.000161668,0.0003193,0.000391986,0.000439424,0.000473908,0.000486902,0.0004971,0.000504953,0.000510714,0.000520327,0.000519977,0.000515362,0.000507099,0.000487572,0.000529512,0.000578231,0.000639177,0.000675137,0.000505981,,,,,,,,,,,,,,,,,,,,,,,,,,,,,,,,,,,,,,,,,,,,,,,,,,,,,,,,,,,,,,,,,
0,0,0,0.000161668,0.0003193,0.000391986,0.000439424,0.000473908,0.000486674,0.000496736,0.000504528,0.000510291,0.000520228,0.000520054,0.000515594,0.000507461,0.000488156,0.000530296,0.000579132,0.000640252,0.000676345,0.000506731,,,,,,,,,,,,,,,,,,,,,,,,,,,,,,,,,,,,,,,,,,,,,,,,,,,,,,,,,,,,,,,,,
0,0,0,0.000161668,0.0003193,0.000391986,0.000439424,0.000473908,0.000486447,0.00049637,0.000504098,0.000509861,0.000520123,0.000520126,0.000515822,0.00050782,0.000488738,0.000531035,0.000580031,0.000641328,0.000677552,0.000507479,,,,,,,,,,,,,,,,,,,,,,,,,,,,,,,,,,,,,,,,,,,,,,,,,,,,,,,,,,,,,,,,,
0,0,0,0.000161668,0.0003193,0.000391986,0.000439424,0.000473908,0.000486219,0.000496002,0.000503664,0.000509422,0.000520012,0.000520193,0.000516046,0.000508175,0.000489317,0.000531763,0.000580928,0.000642402,0.000678757,0.000508224,,,,,,,,,,,,,,,,,,,,,,,,,,,,,,,,,,,,,,,,,,,,,,,,,,,,,,,,,,,,,,,,,
0,0,0,0.000161668,0.0003193,0.000391986,0.000439424,0.000473908,0.000485991,0.000495632,0.000503224,0.000508975,0.000519893,0.000520253,0.000516265,0.000508527,0.000489895,0.000532491,0.000581826,0.000643477,0.000679964,0.00050897,,,,,,,,,,,,,,,,,,,,,,,,,,,,,,,,,,,,,,,,,,,,,,,,,,,,,,,,,,,,,,,,,
0,0,0,0.000161668,0.0003193,0.000391986,0.000439424,0.000473908,0.000485763,0.00049526,0.00050278,0.000508519,0.000519771,0.00052031,0.000516481,0.000508875,0.00049047,0.000533216,0.000582722,0.00064455,0.000681169,0.000509714,,,,,,,,,,,,,,,,,,,,,,,,,,,,,,,,,,,,,,,,,,,,,,,,,,,,,,,,,,,,,,,,,
0,0,0,0.000161668,0.0003193,0.000391986,0.000439424,0.000473908,0.000485535,0.000494886,0.000502331,0.000508055,0.000519638,0.000520359,0.00051669,0.000509217,0.000491041,0.000533937,0.000583614,0.000645621,0.000682372,0.000510456,,,,,,,,,,,,,,,,,,,,,,,,,,,,,,,,,,,,,,,,,,,,,,,,,,,,,,,,,,,,,,,,,
0,0,0,0.000161668,0.0003193,0.000391986,0.000439424,0.000473908,0.000485306,0.000494509,0.000501877,0.000507583,0.000519499,0.000520402,0.000516895,0.000509557,0.000491609,0.000534656,0.000584505,0.000646691,0.000683571,0.000511194,,,,,,,,,,,,,,,,,,,,,,,,,,,,,,,,,,,,,,,,,,,,,,,,,,,,,,,,,,,,,,,,,
0,0,0,0.000161668,0.0003193,0.000391986,0.000439424,0.000473908,0.000485077,0.000494131,0.000501418,0.000507102,0.000519356,0.000520442,0.000517097,0.000509893,0.000492176,0.000535375,0.000585396,0.000647761,0.000684773,0.000511933,,,,,,,,,,,,,,,,,,,,,,,,,,,,,,,,,,,,,,,,,,,,,,,,,,,,,,,,,,,,,,,,,
0,0,0,0.000161668,0.0003193,0.000391986,0.000439424,0.000473908,0.000484848,0.000493751,0.000500954,0.000506612,0.000519208,0.000520479,0.000517295,0.000510227,0.000492741,0.000536091,0.000586286,0.000648831,0.000685974,0.000512671,,,,,,,,,,,,,,,,,,,,,,,,,,,,,,,,,,,,,,,,,,,,,,,,,,,,,,,,,,,,,,,,,
0,0,0,0.000161668,0.0003193,0.000391986,0.000439424,0.000473908,0.000484618,0.000493368,0.000500485,0.000506114,0.000519054,0.000520509,0.000517493,0.00051056,0.000493307,0.000536809,0.000587176,0.000649901,0.000687175,0.00051341,,,,,,,,,,,,,,,,,,,,,,,,,,,,,,,,,,,,,,,,,,,,,,,,,,,,,,,,,,,,,,,,,
0,0,0,0.000161668,0.0003193,0.000391986,0.000439424,0.000473908,0.000484388,0.000492983,0.00050001,0.000505607,0.000518893,0.000520535,0.000517683,0.000510887,0.000493867,0.000537521,0.000588062,0.000650969,0.000688375,0.000514145,,,,,,,,,,,,,,,,,,,,,,,,,,,,,,,,,,,,,,,,,,,,,,,,,,,,,,,,,,,,,,,,,
0,0,0,0.000161668,0.0003193,0.000391986,0.000439424,0.000473908,0.000484158,0.000492597,0.000499531,0.000505091,0.000518726,0.000520556,0.000517869,0.00051121,0.000494425,0.000538233,0.000588948,0.000652037,0.000689573,0.000514879,,,,,,,,,,,,,,,,,,,,,,,,,,,,,,,,,,,,,,,,,,,,,,,,,,,,,,,,,,,,,,,,,
0,0,0,0.000161668,0.0003193,0.000391986,0.000439424,0.000473908,0.000483928,0.000492208,0.000499047,0.000504566,0.000518553,0.000520571,0.00051805,0.000511529,0.00049498,0.000538942,0.000589832,0.000653103,0.00069077,0.000515612,,,,,,,,,,,,,,,,,,,,,,,,,,,,,,,,,,,,,,,,,,,,,,,,,,,,,,,,,,,,,,,,,
0,0,0,0.000161668,0.0003193,0.000391986,0.000439424,0.000473908,0.000483697,0.000491817,0.000498558,0.000504032,0.000518373,0.00052058,0.000518227,0.000511845,0.000495533,0.000539649,0.000590715,0.000654169,0.000691966,0.000516343,,,,,,,,,,,,,,,,,,,,,,,,,,,,,,,,,,,,,,,,,,,,,,,,,,,,,,,,,,,,,,,,,
0,0,0,0.000161668,0.0003193,0.000391986,0.000439424,0.000473908,0.000483466,0.000491424,0.000498063,0.00050349,0.000518185,0.000520584,0.000518398,0.000512156,0.000496083,0.000540354,0.000591596,0.000655233,0.000693161,0.000517072,,,,,,,,,,,,,,,,,,,,,,,,,,,,,,,,,,,,,,,,,,,,,,,,,,,,,,,,,,,,,,,,,
0,0,0,0.000161668,0.0003193,0.000391986,0.000439424,0.000473908,0.000483235,0.000491029,0.000497564,0.000502938,0.000517992,0.000520583,0.000518566,0.000512464,0.00049663,0.000541057,0.000592476,0.000656297,0.000694356,0.0005178,,,,,,,,,,,,,,,,,,,,,,,,,,,,,,,,,,,,,,,,,,,,,,,,,,,,,,,,,,,,,,,,,
0,0,0,0.000161668,0.0003193,0.000391986,0.000439424,0.000473908,0.000483003,0.000490631,0.000497059,0.000502378,0.000517793,0.000520577,0.000518729,0.000512768,0.000497176,0.000541757,0.000593354,0.000657361,0.000695549,0.000518527,,,,,,,,,,,,,,,,,,,,,,,,,,,,,,,,,,,,,,,,,,,,,,,,,,,,,,,,,,,,,,,,,
0,0,0,0.000161668,0.0003193,0.000391986,0.000439424,0.000473908,0.000482771,0.000490232,0.000496549,0.000501808,0.000517585,0.000520564,0.000518887,0.000513068,0.000497718,0.000542456,0.000594231,0.000658423,0.000696741,0.000519252,,,,,,,,,,,,,,,,,,,,,,,,,,,,,,,,,,,,,,,,,,,,,,,,,,,,,,,,,,,,,,,,,
0,0,0,0.000161668,0.0003193,0.000391986,0.000439424,0.000473908,0.000482539,0.00048983,0.000496034,0.000501229,0.000517372,0.000520547,0.000519042,0.000513365,0.000498258,0.000543153,0.000595107,0.000659484,0.000697933,0.000519976,,,,,,,,,,,,,,,,,,,,,,,,,,,,,,,,,,,,,,,,,,,,,,,,,,,,,,,,,,,,,,,,,
0,0,0,0.000161668,0.0003193,0.000391986,0.000439424,0.000473908,0.000482307,0.000489426,0.000495513,0.00050064,0.000517153,0.000520524,0.000519191,0.000513658,0.000498796,0.000543848,0.000595981,0.000660545,0.000699123,0.000520698,,,,,,,,,,,,,,,,,,,,,,,,,,,,,,,,,,,,,,,,,,,,,,,,,,,,,,,,,,,,,,,,,
0,0,0,0.000161668,0.0003193,0.000391986,0.000439424,0.000473908,0.000482074,0.000489021,0.000494988,0.000500043,0.000516927,0.000520496,0.000519337,0.000513947,0.000499331,0.000544541,0.000596853,0.000661605,0.000700312,0.000521419,,,,,,,,,,,,,,,,,,,,,,,,,,,,,,,,,,,,,,,,,,,,,,,,,,,,,,,,,,,,,,,,,
0,0,0,0.000161668,0.0003193,0.000391986,0.000439424,0.000473908,0.000481841,0.000488613,0.000494457,0.000499436,0.000516694,0.000520462,0.000519478,0.000514233,0.000499864,0.000545231,0.000597724,0.000662664,0.000701501,0.000522138,,,,,,,,,,,,,,,,,,,,,,,,,,,,,,,,,,,,,,,,,,,,,,,,,,,,,,,,,,,,,,,,,
0,0,0,0.000161668,0.0003193,0.000391986,0.000439424,0.000473908,0.000481608,0.000488202,0.00049392,0.000498819,0.000516454,0.000520423,0.000519614,0.000514514,0.000500393,0.00054592,0.000598594,0.000663722,0.000702688,0.000522856,,,,,,,,,,,,,,,,,,,,,,,,,,,,,,,,,,,,,,,,,,,,,,,,,,,,,,,,,,,,,,,,,
0,0,0,0.000161668,0.0003193,0.000391986,0.000439424,0.000473908,0.000481375,0.00048779,0.000493379,0.000498193,0.000516207,0.000520378,0.000519746,0.000514792,0.000500921,0.000546607,0.000599462,0.000664779,0.000703874,0.000523572,,,,,,,,,,,,,,,,,,,,,,,,,,,,,,,,,,,,,,,,,,,,,,,,,,,,,,,,,,,,,,,,,
0,0,0,0.000161668,0.0003193,0.000391986,0.000439424,0.000473908,0.000481141,0.000487375,0.000492832,0.000497558,0.000515954,0.000520328,0.000519873,0.000515066,0.000501445,0.000547291,0.000600329,0.000665835,0.000705059,0.000524286,,,,,,,,,,,,,,,,,,,,,,,,,,,,,,,,,,,,,,,,,,,,,,,,,,,,,,,,,,,,,,,,,
0,0,0,0.000161668,0.0003193,0.000391986,0.000439424,0.000473908,0.000480907,0.000486959,0.000492279,0.000496912,0.000515694,0.000520272,0.000519995,0.000515336,0.000501967,0.000547973,0.000601194,0.00066689,0.000706244,0.000524999,,,,,,,,,,,,,,,,,,,,,,,,,,,,,,,,,,,,,,,,,,,,,,,,,,,,,,,,,,,,,,,,,
0,0,0,0.000161668,0.0003193,0.000391986,0.000439424,0.000473908,0.000480672,0.00048654,0.000491722,0.000496257,0.000515426,0.00052021,0.000520112,0.000515602,0.000502486,0.000548653,0.000602058,0.000667945,0.000707427,0.000525711,,,,,,,,,,,,,,,,,,,,,,,,,,,,,,,,,,,,,,,,,,,,,,,,,,,,,,,,,,,,,,,,,
0,0,0,0.000161668,0.0003193,0.000391986,0.000439424,0.000473908,0.000480438,0.000486119,0.000491158,0.000495592,0.000515152,0.000520142,0.000520225,0.000515864,0.000503003,0.000549331,0.00060292,0.000668998,0.000708609,0.000526421,,,,,,,,,,,,,,,,,,,,,,,,,,,,,,,,,,,,,,,,,,,,,,,,,,,,,,,,,,,,,,,,,
0,0,0,0.000161668,0.0003193,0.000391986,0.000439424,0.000473908,0.000480203,0.000485695,0.00049059,0.000494918,0.000514871,0.000520069,0.000520333,0.000516122,0.000503517,0.000550007,0.00060378,0.000670051,0.00070979,0.000527129,,,,,,,,,,,,,,,,,,,,,,,,,,,,,,,,,,,,,,,,,,,,,,,,,,,,,,,,,,,,,,,,,
0,0,0,0.000161668,0.0003193,0.000391986,0.000439424,0.000473908,0.000479968,0.00048527,0.000490015,0.000494233,0.000514582,0.00051999,0.000520437,0.000516376,0.000504029,0.000550681,0.000604639,0.000671103,0.00071097,0.000527836,,,,,,,,,,,,,,,,,,,,,,,,,,,,,,,,,,,,,,,,,,,,,,,,,,,,,,,,,,,,,,,,,
0,0,0,0.000161668,0.0003193,0.000391986,0.000439424,0.000473908,0.000479732,0.000484842,0.000489436,0.000493539,0.000514287,0.000519906,0.000520535,0.000516627,0.000504537,0.000551352,0.000605497,0.000672153,0.000712148,0.000528541,,,,,,,,,,,,,,,,,,,,,,,,,,,,,,,,,,,,,,,,,,,,,,,,,,,,,,,,,,,,,,,,,
0,0,0,0.000161668,0.0003193,0.000391986,0.000439424,0.000473908,0.000479497,0.000484412,0.00048885,0.000492834,0.000513984,0.000519815,0.000520629,0.000516873,0.000505043,0.000552022,0.000606353,0.000673203,0.000713326,0.000529244,,,,,,,,,,,,,,,,,,,,,,,,,,,,,,,,,,,,,,,,,,,,,,,,,,,,,,,,,,,,,,,,,
0,0,0,0.000161668,0.0003193,0.000391986,0.000439424,0.000473908,0.000479261,0.00048398,0.00048826,0.00049212,0.000513674,0.000519719,0.000520719,0.000517115,0.000505547,0.000552689,0.000607207,0.000674252,0.000714503,0.000529946,,,,,,,,,,,,,,,,,,,,,,,,,,,,,,,,,,,,,,,,,,,,,,,,,,,,,,,,,,,,,,,,,
0,0,0,0.000161668,0.0003193,0.000391986,0.000439424,0.000473908,0.000479024,0.000483545,0.000487663,0.000491395,0.000513357,0.000519616,0.000520803,0.000517355,0.000506048,0.000553354,0.00060806,0.0006753,0.000715678,0.000530646,,,,,,,,,,,,,,,,,,,,,,,,,,,,,,,,,,,,,,,,,,,,,,,,,,,,,,,,,,,,,,,,,
0,0,0,0.000161668,0.0003193,0.000391986,0.000439424,0.000473908,0.000478788,0.000483109,0.000487061,0.000490659,0.000513033,0.000519508,0.000520882,0.000517589,0.000506546,0.000554017,0.000608911,0.000676347,0.000716852,0.000531345,,,,,,,,,,,,,,,,,,,,,,,,,,,,,,,,,,,,,,,,,,,,,,,,,,,,,,,,,,,,,,,,,
0,0,0,0.000161668,0.0003193,0.000391986,0.000439424,0.000473908,0.000478551,0.00048267,0.000486453,0.000489914,0.000512701,0.000519394,0.000520957,0.000517819,0.000507042,0.000554678,0.000609761,0.000677393,0.000718025,0.000532042,,,,,,,,,,,,,,,,,,,,,,,,,,,,,,,,,,,,,,,,,,,,,,,,,,,,,,,,,,,,,,,,,
0,0,0,0.000161668,0.0003193,0.000391986,0.000439424,0.000473908,0.000478314,0.000482229,0.00048584,0.000489158,0.000512362,0.000519274,0.000521027,0.000518049,0.000507537,0.000555339,0.000610611,0.00067844,0.000719199,0.000532739,,,,,,,,,,,,,,,,,,,,,,,,,,,,,,,,,,,,,,,,,,,,,,,,,,,,,,,,,,,,,,,,,
0,0,0,0.000161668,0.0003193,0.000391986,0.000439424,0.000473908,0.000478076,0.000481785,0.000485221,0.000488392,0.000512015,0.000519147,0.000521091,0.000518272,0.000508027,0.000555995,0.000611458,0.000679484,0.00072037,0.000533433,,,,,,,,,,,,,,,,,,,,,,,,,,,,,,,,,,,,,,,,,,,,,,,,,,,,,,,,,,,,,,,,,
0,0,0,0.000161668,0.0003193,0.000391986,0.000439424,0.000473908,0.000477839,0.00048134,0.000484596,0.000487615,0.000511661,0.000519015,0.000521151,0.00051849,0.000508515,0.00055665,0.000612303,0.000680528,0.00072154,0.000534125,,,,,,,,,,,,,,,,,,,,,,,,,,,,,,,,,,,,,,,,,,,,,,,,,,,,,,,,,,,,,,,,,
0,0,0,0.000161668,0.0003193,0.000391986,0.000439424,0.000473908,0.000477506,0.000480714,0.000483714,0.000486512,0.000511154,0.00051882,0.000521227,0.000518788,0.00050919,0.000557559,0.00061348,0.000681983,0.000723171,0.000535089,,,,,,,,,,,,,,,,,,,,,,,,,,,,,,,,,,,,,,,,,,,,,,,,,,,,,,,,,,,,,,,,,
0,0,0,0.000161668,0.0003193,0.000391986,0.000439424,0.000473908,0.000477187,0.000480109,0.000482857,0.000485435,0.000510654,0.000518621,0.000521289,0.000519066,0.000509799,0.000558428,0.000614607,0.000683378,0.000724735,0.000536011,,,,,,,,,,,,,,,,,,,,,,,,,,,,,,,,,,,,,,,,,,,,,,,,,,,,,,,,,,,,,,,,,
0,0,0,0.000161668,0.0003193,0.000391986,0.000439424,0.000473908,0.000476915,0.000479592,0.000482121,0.000484505,0.000510219,0.000518444,0.000521335,0.000519296,0.00051026,0.000559162,0.000615561,0.000684561,0.000726061,0.000536791,,,,,,,,,,,,,,,,,,,,,,,,,,,,,,,,,,,,,,,,,,,,,,,,,,,,,,,,,,,,,,,,,
0,0,0,0.000161668,0.0003193,0.000391986,0.000439424,0.000473908,0.000476669,0.000479123,0.000481449,0.000483652,0.000509817,0.000518274,0.000521369,0.000519497,0.000510671,0.000559822,0.000616421,0.000685628,0.000727257,0.000537493,,,,,,,,,,,,,,,,,,,,,,,,,,,,,,,,,,,,,,,,,,,,,,,,,,,,,,,,,,,,,,,,,
0,0,0,0.000161668,0.0003193,0.000391986,0.000439424,0.000473908,0.000476319,0.000478449,0.000480482,0.000482417,0.00050923,0.000518024,0.000521411,0.000519779,0.000511254,0.00056076,0.000617644,0.000687147,0.000728959,0.000538491,,,,,,,,,,,,,,,,,,,,,,,,,,,,,,,,,,,,,,,,,,,,,,,,,,,,,,,,,,,,,,,,,
,,,,,,,,,,,,,,,,,,,,,,,,,,,,,,,,,,,,,,,,,,,,,,,,,,,,,,,,,,,,,,,,,,,,,,,,,,,,,,,,,,,,,,
Total SG Oxide per Bundle (g),,,,,,,,,,,,,,,,,,,,,,,,,,,,,,,,,,,,,,,,,,,,,,,,,,,,,,,,,,,,,,,,,,,,,,,,,,,,,,,,,,,,,,
38.69650969,60.69381857,77.10016028,82.4503675,87.77950377,104.0390211,103.8397863,114.54994,114.3294486,124.9762919,130.1577367,146.1433822,145.8591127,150.9664072,145.2901995,150.3760791,144.7206482,165.8326582,165.5041992,175.8320007,175.4819402,180.438737,190.6705144,185.0022706,189.9053234,189.5224716,189.1394317,204.486168,188.3730608,203.6553751,208.4509165,213.2249448,207.5975183,186.4531994,206.7430992,216.6315468,216.1825941,220.8698507,215.2841641,219.9499224,224.5941328,229.216774,213.48502,228.2504464,232.8276783,227.2816672,231.8370014,236.3706246,230.8454616,235.356823,239.8467594,229.3570563,238.8116436,203.542573,237.7757879,232.3147972,246.6035835,241.1422751,240.6130602,235.184089,244.443114,248.7809616,243.3625712,247.6786195,237.4361434,246.5761037,250.8487639,245.4733572,249.7243259,239.5789115,219.9152018,243.2675572,242.7160841,246.9129417,246.3506729,250.5151244,245.2262566,249.3691484,244.1019265,248.2236002,242.9781044,242.4161921,232.3379634,231.6135162,221.7568624,221.2212625,215.8662536
,,,,,,,,,,,,,,,,,,,,,,,,,,,,,,,,,,,,,,,,,,,,,,,,,,,,,,,,,,,,,,,,,,,,,,,,,,,,,,,,,,,,,,
Sludge Loading (g/cm^2),,,,,,,,,,,,,,,,,,,,,,,,,,,,,,,,,,,,,,,,,,,,,,,,,,,,,,,,,,,,,,,,,,,,,,,,,,,,,,,,,,,,,,
0.000699452,0.000699452,0.000699452,0.000699452,0.000699452,0.000699452,0.000699452,0.000699452,0.000699452,0.000699452,0.000699452,0.000699452,0.000699452,0.000699452,0.000699452,0.000699452,0.000699452,0.000699452,0.000699452,0.000699452,0.000699452,0.000699452,,,,,,,,,,,,,,,,,,,,,,,,,,,,,,,,,,,,,,,,,,,,,,,,,,,,,,,,,,,,,,,,,
,,,,,,,,,,,,,,,,,,,,,,,,,,,,,,,,,,,,,,,,,,,,,,,,,,,,,,,,,,,,,,,,,,,,,,,,,,,,,,,,,,,,,,
Divider Plate Leakage,,,,,,,,,,,,,,,,,,,,,,,,,,,,,,,,,,,,,,,,,,,,,,,,,,,,,,,,,,,,,,,,,,,,,,,,,,,,,,,,,,,,,,
0.050153425,,,,,,,,,,,,,,,,,,,,,,,,,,,,,,,,,,,,,,,,,,,,,,,,,,,,,,,,,,,,,,,,,,,,,,,,,,,,,,,,,,,,,,
,,,,,,,,,,,,,,,,,,,,,,,,,,,,,,,,,,,,,,,,,,,,,,,,,,,,,,,,,,,,,,,,,,,,,,,,,,,,,,,,,,,,,,
SteamQuality,,,,,,,,,,,,,,,,,,,,,,,,,,,,,,,,,,,,,,,,,,,,,,,,,,,,,,,,,,,,,,,,,,,,,,,,,,,,,,,,,,,,,,
0.011950476,,,,,,,,,,,,,,,,,,,,,,,,,,,,,,,,,,,,,,,,,,,,,,,,,,,,,,,,,,,,,,,,,,,,,,,,,,,,,,,,,,,,,,
